{
    "loss": 21.29140281677246,
    "accuracy": 0.5686274766921997
}